{"cameraMode":{"drawMode":0,"name":"Shaded","section":"Shading Mode"},"sceneLighting":false,"audioPlay":false,"sceneViewState":{"m_AlwaysRefresh":false,"showFog":true,"showSkybox":false,"showFlares":true,"showImageEffects":true,"showParticleSystems":true,"showVisualEffectGraphs":true,"m_FxEnabled":true},"in2DMode":false,"pivot":{"x":4.1806535720825199,"y":5.066890716552734,"z":13.067094802856446},"rotation":{"x":0.7217981815338135,"y":-0.001038153888657689,"z":0.0010826983489096165,"w":0.6921020150184631},"size":1.7572110891342164,"orthographic":true}